{
  "state": {
    "isStdOutTTY": false,
    "isStdErrTTY": false,
    "testRunDurationMs": 49248.825945
  },
  "metrics": {
    "vus_max": {
      "type": "gauge",
      "contains": "default",
      "values": {
        "max": 50,
        "value": 50,
        "min": 50
      }
    },
    "auth_flow_duration": {
      "values": {
        "med": 3967,
        "max": 10821,
        "p(90)": 6084,
        "p(95)": 6977,
        "avg": 4128.535714285715,
        "min": 1368
      },
      "type": "trend",
      "contains": "default"
    },
    "iterations": {
      "type": "counter",
      "contains": "default",
      "values": {
        "count": 367,
        "rate": 7.451954294501507
      }
    },
    "http_req_receiving": {
      "type": "trend",
      "contains": "time",
      "values": {
        "avg": 0.09049485810810812,
        "min": 0.012373,
        "med": 0.0753425,
        "max": 4.344566,
        "p(90)": 0.13198759999999998,
        "p(95)": 0.19295284999999998
      }
    },
    "data_sent": {
      "type": "counter",
      "contains": "data",
      "values": {
        "count": 914622,
        "rate": 18571.447794947024
      }
    },
    "review_flow_duration": {
      "type": "trend",
      "contains": "default",
      "values": {
        "med": 7993,
        "max": 21393,
        "p(90)": 12524.000000000002,
        "p(95)": 13814,
        "avg": 8701.90909090909,
        "min": 2469
      }
    },
    "checks": {
      "type": "rate",
      "contains": "default",
      "values": {
        "rate": 0.7791411042944786,
        "passes": 254,
        "fails": 72
      }
    },
    "vus": {
      "type": "gauge",
      "contains": "default",
      "values": {
        "min": 10,
        "max": 50,
        "value": 10
      }
    },
    "iteration_duration": {
      "type": "trend",
      "contains": "time",
      "values": {
        "min": 497.55386,
        "med": 5852.438551499999,
        "max": 22393.17825,
        "p(90)": 10036.160071600005,
        "p(95)": 11808.37209755,
        "avg": 6435.235814983701
      }
    },
    "http_req_connecting": {
      "type": "trend",
      "contains": "time",
      "values": {
        "avg": 2.1378491964656967,
        "min": 0,
        "med": 0,
        "max": 45.357957,
        "p(90)": 5.075773000000009,
        "p(95)": 19.416680649999996
      }
    },
    "http_req_tls_handshaking": {
      "type": "trend",
      "contains": "time",
      "values": {
        "max": 0,
        "p(90)": 0,
        "p(95)": 0,
        "avg": 0,
        "min": 0,
        "med": 0
      }
    },
    "http_req_waiting": {
      "type": "trend",
      "contains": "time",
      "values": {
        "avg": 2460.826198571728,
        "min": 5.079835,
        "med": 2103.955626,
        "max": 11495.373816,
        "p(90)": 4555.9672564,
        "p(95)": 5215.196798649998
      }
    },
    "learner_flow_duration": {
      "contains": "default",
      "values": {
        "avg": 4827.189743589744,
        "min": 1260,
        "med": 4601,
        "max": 10198,
        "p(90)": 7164.2,
        "p(95)": 8154.999999999997
      },
      "type": "trend"
    },
    "http_req_failed": {
      "type": "rate",
      "contains": "default",
      "values": {
        "rate": 0.018711018711018712,
        "passes": 36,
        "fails": 1888
      },
      "thresholds": {
        "rate<0.05": {
          "ok": true
        }
      }
    },
    "http_reqs": {
      "contains": "default",
      "values": {
        "count": 1924,
        "rate": 39.06692115155558
      },
      "type": "counter"
    },
    "flow_failures": {
      "type": "rate",
      "contains": "default",
      "values": {
        "rate": 0.09809264305177112,
        "passes": 36,
        "fails": 331
      },
      "thresholds": {
        "rate<0.05": {
          "ok": false
        }
      }
    },
    "http_req_duration{expected_response:true}": {
      "type": "trend",
      "contains": "time",
      "values": {
        "avg": 2484.2970377764864,
        "min": 5.175847,
        "med": 2112.2153200000002,
        "max": 11495.47409,
        "p(90)": 4590.2713501,
        "p(95)": 5230.339115199998
      }
    },
    "http_req_sending": {
      "type": "trend",
      "contains": "time",
      "values": {
        "avg": 0.40531519386694326,
        "min": 0.004082,
        "med": 0.0112195,
        "max": 25.642914,
        "p(90)": 0.05236820000000003,
        "p(95)": 0.17212564999999957
      }
    },
    "data_received": {
      "values": {
        "count": 4621505,
        "rate": 93839.90199403321
      },
      "type": "counter",
      "contains": "data"
    },
    "http_req_duration": {
      "type": "trend",
      "contains": "time",
      "values": {
        "p(95)": 5215.316253549998,
        "avg": 2461.322008623702,
        "min": 5.175847,
        "med": 2104.0197405,
        "max": 11495.47409,
        "p(90)": 4575.1113063
      }
    },
    "http_req_blocked": {
      "type": "trend",
      "contains": "time",
      "values": {
        "avg": 2.2031613092515694,
        "min": 0.000758,
        "med": 0.0023585000000000004,
        "max": 45.385178,
        "p(90)": 5.436766400000018,
        "p(95)": 19.78490535
      }
    },
    "admin_flow_duration": {
      "type": "trend",
      "contains": "default",
      "values": {
        "p(95)": 6555.9000000000015,
        "avg": 4040.358974358974,
        "min": 1724,
        "med": 3499,
        "max": 8642,
        "p(90)": 6293.4
      }
    }
  },
  "setup_data": {
    "adminAccessToken": "eyJhbGciOiJIUzI1NiIsInR5cCI6IkpXVCJ9.eyJzdWIiOiIyOTQyNmFhOC04MGUwLTQwYTItYmM5Yy00YTBmNzJiNzMwNzMiLCJleHAiOjE3NzQ1ODU1MTIsInRva2VuX3R5cGUiOiJhY2Nlc3MiLCJqdGkiOiJlNWNjYmY3Yi04NWIxLTQ0N2YtOWZmYi1hNTE2MDVhZjc5MzEiLCJlbWFpbCI6ImJlbmNoLWFkbWluQGV4YW1wbGUuY29tIiwicm9sZSI6ImFkbWluIn0.6J4EsRWjn0W416eVkmh9WgvjIE2WDZdHPXIlBFUIdSA",
    "userAccessToken": "eyJhbGciOiJIUzI1NiIsInR5cCI6IkpXVCJ9.eyJzdWIiOiJmNzcyZmZmMC0xMzQ1LTRiMmMtOWE3Yy1kYmE1MThmYzBkMjgiLCJleHAiOjE3NzQ1ODU1MTIsInRva2VuX3R5cGUiOiJhY2Nlc3MiLCJqdGkiOiIzNDE4NDE2ZC05MDUxLTQ1ZGUtYmQ3Mi1iMjJmOWE0NjExZDgiLCJlbWFpbCI6ImJlbmNoLXVzZXJAZXhhbXBsZS5jb20iLCJyb2xlIjoidXNlciJ9.tVVN5h9MT_gqhhbT98_scfVQymHKSa2hay4liT204HA"
  },
  "root_group": {
    "name": "",
    "path": "",
    "id": "d41d8cd98f00b204e9800998ecf8427e",
    "groups": [
      {
        "path": "::setup",
        "id": "5c0f8025f7e0b6654089e5b00e950f1a",
        "groups": [],
        "checks": [
            {
              "name": "login status 200",
              "path": "::setup::login status 200",
              "id": "17a4a3f3d5dbad586fefc48e40f4a9ab",
              "passes": 2,
              "fails": 0
            },
            {
              "name": "login access token present",
              "path": "::setup::login access token present",
              "id": "f885d23881d9cfe3c16d673f12825da9",
              "passes": 2,
              "fails": 0
            },
            {
              "name": "login refresh token present",
              "path": "::setup::login refresh token present",
              "id": "26b79508941d42a70a363bc0ae6bdad1",
              "passes": 2,
              "fails": 0
            }
          ],
        "name": "setup"
      }
    ],
    "checks": [
      {
        "name": "login status 200",
        "path": "::login status 200",
        "id": "a9f04e9f501317c68a9f824e04811bea",
        "passes": 56,
        "fails": 0
      },
      {
        "id": "6c5e128520e5c8f567afcd98ddea26eb",
        "passes": 56,
        "fails": 0,
        "name": "login access token present",
        "path": "::login access token present"
      },
      {
        "id": "c196812d1eb5d8c0709a2462f5979be3",
        "passes": 56,
        "fails": 0,
        "name": "login refresh token present",
        "path": "::login refresh token present"
      },
      {
        "path": "::refresh status 200",
        "id": "5cf500ba66a08b53e85b6d07837258d4",
        "passes": 20,
        "fails": 36,