{
  "state": {
    "isStdErrTTY": false,
    "testRunDurationMs": 46600.553486,
    "isStdOutTTY": false
  },
  "metrics": {
    "auth_flow_duration": {
      "type": "trend",
      "contains": "default",
      "values": {
        "med": 1290,
        "max": 2857,
        "p(90)": 1845,
        "p(95)": 1977.5,
        "avg": 1276.8333333333333,
        "min": 265
      }
    },
    "http_reqs": {
      "type": "counter",
      "contains": "default",
      "values": {
        "count": 1097,
        "rate": 23.540492932762415
      }
    },
    "http_req_connecting": {
      "type": "trend",
      "contains": "time",
      "values": {
        "min": 0,
        "med": 0,
        "max": 29.968667,
        "p(90)": 0,
        "p(95)": 1.8694768000000026,
        "avg": 0.9518406098450317
      }
    },
    "learner_flow_duration": {
      "type": "trend",
      "contains": "default",
      "values": {
        "max": 2877,
        "p(90)": 1904,
        "p(95)": 1994.25,
        "avg": 1283.578947368421,
        "min": 46,
        "med": 1421
      }
    },
    "iteration_duration": {
      "type": "trend",
      "contains": "time",
      "values": {
        "min": 513.058559,
        "med": 2371.23105,
        "max": 3878.016423,
        "p(90)": 2902.8906886,
        "p(95)": 3036.6018391999996,
        "avg": 2234.652087482928
      }
    },
    "http_req_duration{expected_response:true}": {
      "type": "trend",
      "contains": "time",
      "values": {
        "avg": 690.602752978021,
        "min": 3.545344,
        "med": 614.810519,
        "max": 2876.857204,
        "p(90)": 1511.8797673,
        "p(95)": 1696.0657383500004
      }
    },
    "http_req_failed": {
      "type": "rate",
      "contains": "default",
      "values": {
        "rate": 0.004557885141294439,
        "passes": 5,
        "fails": 1092
      },
      "thresholds": {
        "rate<0.05": {
          "ok": true
        }
      }
    },
    "admin_flow_duration": {
      "type": "trend",
      "contains": "default",
      "values": {
        "avg": 1283.5454545454545,
        "min": 215,
        "med": 1358.5,
        "max": 2874,
        "p(90)": 2171.8,
        "p(95)": 2316.6
      }
    },
    "review_flow_duration": {
      "values": {
        "max": 2137,
        "p(90)": 1751.2,
        "p(95)": 1893.6,
        "avg": 1027.0625,
        "min": 58,
        "med": 1340.5
      },
      "type": "trend",
      "contains": "default"
    },
    "http_req_tls_handshaking": {
      "type": "trend",
      "contains": "time",
      "values": {
        "max": 0,
        "p(90)": 0,
        "p(95)": 0,
        "avg": 0,
        "min": 0,
        "med": 0
      }
    },
    "http_req_waiting": {
      "type": "trend",
      "contains": "time",
      "values": {
        "p(95)": 1693.1074030000007,
        "avg": 689.1626428158607,
        "min": 3.461839,
        "med": 614.36223,
        "max": 2876.731581,
        "p(90)": 1511.2866664
      }
    },
    "flow_failures": {
      "type": "rate",
      "contains": "default",
      "values": {
        "rate": 0.024509803921568627,
        "passes": 5,
        "fails": 199
      },
      "thresholds": {
        "rate<0.05": {
          "ok": true
        }
      }
    },
    "http_req_duration": {
      "type": "trend",
      "contains": "time",
      "values": {
        "max": 2876.857204,
        "p(90)": 1511.3677438,
        "p(95)": 1693.2876826000004,
        "avg": 689.2808111968999,
        "min": 3.545344,
        "med": 614.428859
      }
    },
    "http_req_blocked": {
      "type": "trend",
      "contains": "time",
      "values": {
        "avg": 0.9596033363719272,
        "min": 0.000666,
        "med": 0.002152,
        "max": 30.005108,
        "p(90)": 0.005457399999999992,
        "p(95)": 1.9664050000000022
      }
    },
    "http_req_receiving": {
      "type": "trend",
      "contains": "time",
      "values": {
        "avg": 0.09859400364630799,
        "min": 0.013251,
        "med": 0.076902,
        "max": 2.641491,
        "p(90)": 0.1462126,
        "p(95)": 0.2010984000000001
      }
    },
    "checks": {
      "type": "rate",
      "contains": "default",
      "values": {
        "rate": 0.9596774193548387,
        "passes": 238,
        "fails": 10
      }
    },
    "vus_max": {
      "type": "gauge",
      "contains": "default",
      "values": {
        "value": 10,
        "min": 10,
        "max": 10
      }
    },
    "data_received": {
      "type": "counter",
      "contains": "data",
      "values": {
        "rate": 46976.45921003214,
        "count": 2189129
      }
    },
    "vus": {
      "type": "gauge",
      "contains": "default",
      "values": {
        "value": 8,
        "min": 8,
        "max": 10
      }
    },
    "iterations": {
      "type": "counter",
      "contains": "default",
      "values": {
        "count": 204,
        "rate": 4.37763040864497
      }
    },
    "http_req_sending": {
      "type": "trend",
      "contains": "time",
      "values": {
        "avg": 0.01957437739288972,
        "min": 0.004296,
        "med": 0.010283,
        "max": 1.052469,
        "p(90)": 0.023424599999999993,
        "p(95)": 0.044377800000000044
      }
    },
    "data_sent": {
      "type": "counter",
      "contains": "data",
      "values": {
        "count": 518170,
        "rate": 11119.395827684139
      }
    }
  },
  "setup_data": {
    "adminAccessToken": "eyJhbGciOiJIUzI1NiIsInR5cCI6IkpXVCJ9.eyJzdWIiOiIyOTQyNmFhOC04MGUwLTQwYTItYmM5Yy00YTBmNzJiNzMwNzMiLCJleHAiOjE3NzQ1ODcxMDAsInRva2VuX3R5cGUiOiJhY2Nlc3MiLCJqdGkiOiIwOTNlZjM1My1mYjJhLTQ3N2UtOGZkNS0xNTQ1OTMzYjU3ZjEiLCJlbWFpbCI6ImJlbmNoLWFkbWluQGV4YW1wbGUuY29tIiwicm9sZSI6ImFkbWluIn0.iN8yB7bxk0CfxRattEkaJ21nEfrpGSudQluC8jdLHDQ",
    "userAccessToken": "eyJhbGciOiJIUzI1NiIsInR5cCI6IkpXVCJ9.eyJzdWIiOiJmNzcyZmZmMC0xMzQ1LTRiMmMtOWE3Yy1kYmE1MThmYzBkMjgiLCJleHAiOjE3NzQ1ODcxMDAsInRva2VuX3R5cGUiOiJhY2Nlc3MiLCJqdGkiOiI2Yzc1OGQ4Ni0zYzA0LTQ0MjEtYWUwNS02YWFiM2ExZjU0NmYiLCJlbWFpbCI6ImJlbmNoLXVzZXJAZXhhbXBsZS5jb20iLCJyb2xlIjoidXNlciJ9.KJ7dILibzWoIPy4V_UAQCaZZzJIcCuWSfy0meQFq_kY"
  },
  "root_group": {
    "name": "",
    "path": "",
    "id": "d41d8cd98f00b204e9800998ecf8427e",
    "groups": [
      {
        "groups": [],
        "checks": [
            {
              "name": "login status 200",
              "path": "::setup::login status 200",
              "id": "17a4a3f3d5dbad586fefc48e40f4a9ab",
              "passes": 2,
              "fails": 0
            },
            {
              "passes": 2,
              "fails": 0,
              "name": "login access token present",
              "path": "::setup::login access token present",
              "id": "f885d23881d9cfe3c16d673f12825da9"
            },
            {
              "passes": 2,
              "fails": 0,
              "name": "login refresh token present",
              "path": "::setup::login refresh token present",
              "id": "26b79508941d42a70a363bc0ae6bdad1"
            }
          ],
        "name": "setup",
        "path": "::setup",
        "id": "5c0f8025f7e0b6654089e5b00e950f1a"
      }
    ],
    "checks": [
      {
        "id": "a9f04e9f501317c68a9f824e04811bea",
        "passes": 36,
        "fails": 0,
        "name": "login status 200",
        "path": "::login status 200"
      },
      {
        "name": "login access token present",
        "path": "::login access token present",
        "id": "6c5e128520e5c8f567afcd98ddea26eb",
        "passes": 36,
        "fails": 0
      },
      {
        "fails": 0,
        "name": "login refresh token present",
        "path": "::login refresh token present",
        "id": "c196812d1eb5d8c0709a2462f5979be3",
        "passes": 36
      },
      {
        "name": "refresh status 200",
        "path": "::refresh status 200",
        "id": "5cf500ba66a08b53e85b6d07837258d4",
        "passes": 31,
        "fails": 5
      },
      {
        "passes": 31,
        "fails": 5,